{
  "theme": {
    "mainwindow": {
        "r": 20,
        "g": 20,
        "b": 20,
        "text": "Stop Skidding Spero :D ",
        "textcolor1":255,
        "textcolor2":255,
        "textcolor3":255
    },
    "panel2": {
        "r": 20,
        "g": 20,
        "b": 20
    },
        "panel3": {
        "r": 20,
        "g": 20,
        "b": 20
    },
    "panel4": {
        "r": 20,
        "g": 20,
        "b": 20
    },
    "panel5": {
        "r": 20,
        "g": 20,
        "b": 20
    },
    "panel6": {
        "r": 20,
        "g": 20,
        "b": 20
    },
    "panel7": {
        "r": 20,
        "g": 20,
        "b": 20
    },
    "Inject": {
        "text": "Inject",
        "r": 20,
        "g": 20,
        "b": 20,
        "textcolor1":255,
        "textcolor2":255,
        "textcolor3":255,
        "uninjected": "Not Ready",
        "Injected": "Ready"
    },
    "Clear": {
        "text": "Clear",
        "r": 20,
        "g": 20,
        "b": 20,
        "textcolor1":255,
        "textcolor2":255,
        "textcolor3":255
    },
    "Execute": {

        "text": "Execute",
        "r": 20,
        "g": 20,
        "b": 20,
        "textcolor1":255,
        "textcolor2":255,
        "textcolor3":255
        
    },
    "Executefile": {
        "text": "Executefile",
        "r": 20,
        "g": 20,
        "b": 20,
        "textcolor1":255,
        "textcolor2":255,
        "textcolor3":255
    },
    "Open": {
        "text": "Open",
        "r": 20,
        "g": 20,
        "b": 20,
        "textcolor1":255,
        "textcolor2":255,
        "textcolor3":255
    },
    "Kill": {
        "text": "Kill",
        "r": 20,
        "g": 20,
        "b": 20,
        "textcolor1":255,
        "textcolor2":255,
        "textcolor3":255
    },
    "Save": {
        "text": "Save",
        "r": 20,
        "g": 20,
        "b": 20,
        "textcolor1":255,
        "textcolor2":255,
        "textcolor3":255
    },
    "ScriptList": {
        "r": 255,
        "g": 255,
        "b": 255
    },
        "button_theme": {
            "text": "Theme",
            "r": 20,
            "g": 20,
            "b": 20,
            "textcolor1":255,
            "textcolor2":255,
            "textcolor3":255
    },
    "button_reinstallrb": {
        "text": "Reinstall Roblox",
        "r": 20,
        "g": 20,
        "b": 20,
        "textcolor1":255,
        "textcolor2":255,
        "textcolor3":255
    },
    "button_errors": {
        "text": "Errors",
        "r": 20,
        "g": 20,
        "b": 20,
        "textcolor1":255,
        "textcolor2":255,
        "textcolor3":255
    },
    "button_updates": {
        "text": "Loadstringer",
        "r": 20,
        "g": 20,
        "b": 20,
        "textcolor1":255,
        "textcolor2":255,
        "textcolor3":255
    },
    "button_credits": {
        "text": "Credits",
        "r": 20,
        "g": 20,
        "b": 20,
        "textcolor1":255,
        "textcolor2":255,
        "textcolor3":255
    },
    "button_scripthub": {
        "text": "ScriptHub",
        "r": 20,
        "g": 20,
        "b": 20,
        "textcolor1":255,
        "textcolor2":255,
        "textcolor3":255
    },
    "Monaco": {
        "theme": "https://vgy.me/5tj5qI.gif"
        },
        "AutoInject": {
        "bool": false
        },
        "showlogo": {
            "bool": true
            },
        "bunifuImageButton1": {
          "url":"https://cdn.discordapp.com/attachments/670000282771652628/673038329884835861/Spero_4.png"
        },
        "AutoExecute": {
            "bool": false
        }
    }
}